{"users": {"1": {"user_id": 1, "name": "Shanti", "age": 35, "weight": 56.0, "height": 159.0, "gender": "Female", "activity_level": "Moderate", "goals": ["Weight Gain"]}}, "workouts": {"1": {"user_id": 1, "type": "Push", "exercises": ["Of course! Here is a comprehensive 7-day beginner-friendly gym workout plan tailored for weight loss, based on your profile.", "", "This plan focuses on a combination of strength training to build muscle (which boosts metabolism) and cardiovascular exercise to burn calories.", "", "---", "", "### **Important Notes Before You Start:**", "", "*   **Warm-Up (5-10 mins):** Before every workout, perform a warm-up. This includes light cardio (jogging, cycling, jumping jacks) to raise your heart rate, followed by dynamic stretches (arm circles, leg swings, torso twists).", "*   **Cool-Down (5-10 mins):** After every workout, cool down with static stretching. Hold each stretch for 20-30 seconds. Focus on the muscles you've just worked.", "*   **Form Over Weight:** Always prioritize correct form. If you're unsure, watch videos of the exercises or ask a trainer for help. Start with lighter weights to master the movement before increasing the load.", "*   **Rest:** Rest for 60-90 seconds between sets.", "*   **Nutrition is Key:** Weight loss is achieved through a calorie deficit. This workout plan will help you burn calories and build muscle, but you must pair it with a healthy, balanced diet. Focus on lean protein, vegetables, and whole grains, and drink plenty of water.", "*   **Listen to Your Body:** It's normal to feel sore (this is called DOMS - Delayed Onset Muscle Soreness), but if you feel sharp pain, stop immediately.", "", "---", "", "### **Your 7-Day Weight Loss Workout Plan**", "", "#### **Day 1: Upper Body Strength (Push Focus)**", "", "*   **Muscle Group:** Chest, Shoulders, Triceps", "*   **Goal:** Build foundational upper body strength.", "", "1.  **Dumbbell Bench Press:** 3 sets of 8-12 reps", "2.  **Seated Dumbbell Shoulder Press:** 3 sets of 8-12 reps", "3.  **Incline Push-Ups (or Knee Push-Ups):** 3 sets until failure (as many reps as you can do with good form)", "4.  **Tricep Pushdowns (using a cable machine):** 3 sets of 10-15 reps", "5.  **Lateral Raises (with light dumbbells):** 3 sets of 12-15 reps", "", "#### **Day 2: Lower Body Strength & Core**", "", "*   **Muscle Group:** Quads, Hamstrings, Glutes, Calves, Abs", "*   **Goal:** Build strength in the largest muscles of your body, which burns more calories.", "", "1.  **Goblet Squats:** 3 sets of 8-12 reps", "2.  **Dumbbell Romanian Deadlifts (RDLs):** 3 sets of 10-12 reps", "3.  **Leg Press Machine:** 3 sets of 10-15 reps", "4.  **Plank:** 3 sets, hold for 30-60 seconds", "5.  **Lying Leg Raises:** 3 sets of 15-20 reps", "", "#### **Day 3: Active Recovery & Cardio**", "", "*   **Muscle Group:** Full Body (low intensity)", "*   **Goal:** Promote blood flow to aid muscle recovery and burn extra calories without high stress.", "", "*   **Activity:** 30-45 minutes of Low-Intensity Steady-State (LISS) Cardio. This means maintaining a consistent, manageable pace.", "*   **Choose one:**", "    *   Brisk walking on an incline treadmill", "    *   Cycling on a stationary bike", "    *   Using the Elliptical machine", "", "#### **Day 4: Upper Body Strength (Pull Focus)**", "", "*   **Muscle Group:** Back, Biceps", "*   **Goal:** Strengthen your back for better posture and build pulling strength.", "", "1.  **Lat Pulldowns (using a machine):** 3 sets of 8-12 reps", "2.  **Seated Cable Rows:** 3 sets of 8-12 reps", "3.  **Face Pulls (using a cable machine):** 3 sets of 15-20 reps (use light weight, focus on squeezing shoulder blades)", "4.  **Dumbbell Bicep Curls:** 3 sets of 10-15 reps", "5.  **Assisted Pull-ups or Bodyweight Rows:** 3 sets until failure", "", "#### **Day 5: Full Body Conditioning**", "", "*   **Muscle Group:** Full Body", "*   **Goal:** A high-effort day to maximize calorie burn and improve cardiovascular fitness. Perform these as a circuit for best results.", "", "*   **Circuit:** Do one set of each exercise back-to-back with minimal rest. After completing all four exercises, rest for 90 seconds. Repeat the circuit 3-4 times.", "    1.  **Kettlebell Swings (or Dumbbell Swings):** 15 reps", "    2.  **Dumbbell Thrusters:** 12 reps", "    3.  **Renegade Rows (with light dumbbells):** 8-10 reps per side", "    4.  **Burpees (or modified, no-pushup version):** 10 reps", "", "#### **Day 6: Cardio & Core**", "", "*   **Muscle Group:** Core & Cardiovascular System", "*   **Goal:** Burn calories and strengthen your core for stability in all other lifts.", "", "*   **Part 1: Cardio (20-30 minutes)**", "    *   Choose one: Rowing machine, StairMaster, or incline treadmill walking.", "*   **Part 2: Core Finisher**", "    1.  **Crunches:** 3 sets of 15-20 reps", "    2.  **Russian Twists (bodyweight or with a light weight):** 3 sets of 15 reps per side", "    3.  **Bird-Dog:** 3 sets of 10-12 reps per side (focus on slow, controlled movement)", "", "#### **Day 7: Rest & Recovery**", "", "*   **Muscle Group:** None", "*   **Goal:** Allow your body to repair and rebuild muscle tissue. This is essential for progress and preventing injury.", "*   **Activity:** Take a complete rest day. You can do some light stretching or go for a leisurely walk if you feel up to it, but avoid any strenuous activity."], "timestamp": "2025-07-01T22:03:31.322982"}, "2": {"user_id": 1, "type": "Push", "exercises": ["Of course! Here is a comprehensive 7-day beginner-friendly gym workout plan designed for weight loss, tailored to your profile.", "", "This plan focuses on a combination of strength training to build metabolism-boosting muscle and cardio to burn calories.", "", "---", "", "### **Important Notes Before You Start:**", "", "*   **Warm-Up (5-10 minutes):** Before every workout, perform a warm-up. This includes light cardio (jogging, cycling, jumping jacks) and dynamic stretches (arm circles, leg swings, torso twists).", "*   **Cool-Down (5 minutes):** After every workout, cool down with light stretching for the muscles you worked. Hold each stretch for 20-30 seconds.", "*   **Form Over Weight:** Always prioritize correct form. If you're unsure, watch tutorial videos or ask a gym staff member. Start with lighter weights to master the movement before increasing the load.", "*   **Progressive Overload:** To keep making progress, you need to challenge your muscles. Each week, try to slightly increase the weight, add an extra rep, or reduce your rest time.", "*   **Nutrition is Key:** This workout plan is effective, but weight loss is primarily achieved through a calorie deficit. Focus on eating whole foods, lean protein, and plenty of vegetables. Drink lots of water throughout the day.", "", "---", "", "### **Your 7-Day Weight Loss Workout Plan**", "", "#### **Day 1: Upper Body \"Push\" & Cardio**", "*   **Muscle Groups:** Chest, Shoulders, Triceps", "", "1.  **Dumbbell Bench Press:** 3 sets of 8-12 reps", "2.  **Seated Dumbbell Shoulder Press:** 3 sets of 8-12 reps", "3.  **Machine Chest Fly:** 3 sets of 10-15 reps", "4.  **Triceps Pushdown (with cable):** 3 sets of 10-15 reps", "5.  **Cardio:** 20 minutes on the Elliptical or Stair Climber at a steady pace.", "", "#### **Day 2: Lower Body & Core**", "*   **Muscle Groups:** Quads, Hamstrings, Glutes, Core", "", "1.  **Goblet Squats (with a dumbbell):** 3 sets of 8-12 reps", "2.  **Romanian Deadlifts (with dumbbells):** 3 sets of 10-12 reps (Focus on the stretch in your hamstrings)", "3.  **Leg Press Machine:** 3 sets of 10-15 reps", "4.  **Lying Leg Curls Machine:** 3 sets of 10-15 reps", "5.  **Plank:** 3 sets, hold for 30-60 seconds", "", "#### **Day 3: Active Recovery & Light Cardio**", "*   **Goal:** Promote blood flow and muscle recovery without intense strain.", "", "1.  **Activity:** 30-45 minute brisk walk on a treadmill (consider adding a slight incline) or a steady session on a stationary bike.", "2.  **Flexibility:** Full-body stretching or foam rolling. Focus on your chest, back, and legs from the previous days.", "", "#### **Day 4: Upper Body \"Pull\" & Cardio**", "*   **Muscle Groups:** Back, Biceps", "", "1.  **Lat Pulldown Machine:** 3 sets of 8-12 reps", "2.  **Seated Cable Row:** 3 sets of 8-12 reps (Focus on squeezing your shoulder blades together)", "3.  **Face Pulls (with cable rope):** 3 sets of 15-20 reps (Use light weight, focus on form)", "4.  **Dumbbell Bicep Curls:** 3 sets of 10-15 reps", "5.  **Cardio:** 15 minutes on the Rowing Machine. This is excellent for burning calories and works your back.", "", "#### **Day 5: Full Body Strength & Conditioning**", "*   **Goal:** A high-energy workout to maximize calorie burn. Perform these as a circuit: do one exercise after the other with minimal rest. Rest for 90 seconds after completing the full circuit, then repeat 3 times.", "", "1.  **Dumbbell Lunges:** 10 reps per leg", "2.  **Push-ups (on knees if needed):** As many reps as possible", "3.  **Dumbbell Rows:** 10 reps per arm", "4.  **Kettlebell Swings (or Dumbbell Swings):** 15 reps", "5.  **Jumping Jacks:** 30 seconds", "", "#### **Day 6: Steady-State Cardio & Core**", "*   **Goal:** Burn fat and improve cardiovascular endurance.", "", "1.  **Cardio:** 45 minutes of steady-state cardio. This should be at an intensity where you can hold a conversation (e.g., jogging, cycling, elliptical).", "2.  **Hanging Knee Raises:** 3 sets of 10-15 reps", "3.  **Russian Twists (bodyweight or with a light plate):** 3 sets of 15-20 twists per side", "4.  **Crunches:** 3 sets of 15-20 reps", "", "#### **Day 7: Rest & Recovery**", "*   **Goal:** Your muscles grow and repair when you rest. This day is crucial.", "", "*   **Activity:** None. Let your body recover fully.", "*   **Focus:** Hydration and proper nutrition to prepare for the week ahead. Light stretching is okay if you feel stiff."], "timestamp": "2025-07-01T22:04:12.179858"}, "3": {"user_id": 1, "type": "Push", "exercises": ["Of course! Here is a comprehensive 7-day beginner-friendly gym workout plan designed for your goal of weight loss.", "", "Given your profile (19 years old, 187cm, 77kg), your BMI is in the healthy range. Therefore, this \"weight loss\" plan will focus on **fat loss** and **building lean muscle**. Muscle is metabolically active, meaning it burns more calories at rest, which is crucial for long-term success.", "", "### **Important Notes Before You Begin:**", "", "*   **Warm-Up (Crucial!):** Before every workout, perform a 5-10 minute warm-up. This includes light cardio (jogging, cycling, jump rope) followed by dynamic stretches (arm circles, leg swings, torso twists).", "*   **Form Over Weight:** Always prioritize correct form. If you're unsure, watch videos of the exercises or ask a trainer for help. Start with lighter weights to master the movement before increasing the load.", "*   **Progressive Overload:** To keep making progress, you need to challenge your muscles. Each week, try to either add a little more weight, do one more rep, or complete an extra set.", "*   **Nutrition is 80% of the Battle:** This workout plan will be most effective when paired with a healthy diet. Focus on a slight calorie deficit, prioritize protein to help muscle recovery, and drink plenty of water.", "*   **Rest & Recovery:** Your muscles grow and repair when you rest. Aim for 7-9 hours of quality sleep per night. Day 7 is a full rest day for a reason!", "", "---", "", "### **Your 7-Day Weight Loss Workout Plan**", "", "#### **Day 1: Push Day (Chest, Shoulders & Triceps)**", "", "*   **Focus:** Building strength in the upper body \"pushing\" muscles.", "*   **Exercises:**", "    1.  **Dumbbell Bench Press:** 3 sets of 8-12 reps", "    2.  **Seated Dumbbell Shoulder Press:** 3 sets of 8-12 reps", "    3.  **Incline Machine Chest Press:** 3 sets of 10-15 reps", "    4.  **Dumbbell Lateral Raises:** 3 sets of 12-15 reps", "    5.  **Tricep Rope Pushdowns:** 3 sets of 10-15 reps", "", "#### **Day 2: Pull Day (Back & Biceps)**", "", "*   **Focus:** Strengthening the upper body \"pulling\" muscles for posture and a wider back.", "*   **Exercises:**", "    1.  **Lat Pulldowns:** 3 sets of 8-12 reps", "    2.  **Seated Cable Rows:** 3 sets of 8-12 reps", "    3.  **Single-Arm Dumbbell Rows:** 3 sets of 10 reps per arm", "    4.  **Face Pulls:** 3 sets of 15-20 reps (use light weight, focus on squeezing shoulder blades)", "    5.  **Dumbbell Bicep Curls:** 3 sets of 10-15 reps", "", "#### **Day 3: Leg Day (Legs & Core)**", "", "*   **Focus:** Building a strong foundation. Leg workouts burn the most calories.", "*   **Exercises:**", "    1.  **Goblet Squats:** 3 sets of 8-12 reps", "    2.  **Dumbbell Romanian Deadlifts (RDLs):** 3 sets of 10-15 reps", "    3.  **Leg Press:** 3 sets of 10-15 reps", "    4.  **Lying Leg Curls:** 3 sets of 12-15 reps", "    5.  **Plank:** 3 sets, hold for 30-60 seconds", "", "#### **Day 4: Active Recovery & Cardio**", "", "*   **Focus:** Burning calories and helping muscles recover without causing more stress.", "*   **Workout:**", "    *   **Low-Intensity Steady-State (LISS) Cardio:** 30-45 minutes on an elliptical, incline treadmill, or stationary bike. You should be able to hold a conversation comfortably.", "    *   **Stretching:** Finish with 10 minutes of full-body static stretching, holding each stretch for 20-30 seconds.", "", "#### **Day 5: Upper Body Strength**", "", "*   **Focus:** A second chance to hit the upper body, combining push and pull movements.", "*   **Exercises:**", "    1.  **Barbell Bench Press (or Dumbbell):** 3 sets of 6-10 reps", "    2.  **Bent-Over Dumbbell Rows:** 3 sets of 6-10 reps", "    3.  **Overhead Press (Barbell or Dumbbell):** 3 sets of 6-10 reps", "    4.  **Assisted Pull-ups or Lat Pulldowns:** 3 sets to failure (as many good reps as you can)", "    5.  **Push-ups:** 3 sets to failure", "", "#### **Day 6: Full Body HIIT & Cardio**", "", "*   **Focus:** A high-intensity day to maximize calorie burn and boost your metabolism.", "*   **Workout:**", "    *   **Part 1: Full-Body Circuit (Complete 3 rounds)**", "        *   Bodyweight Squats: 20 reps", "        *   Dumbbell Lunges: 10 reps per leg", "        *   Kettlebell Swings: 15 reps", "        *   Plank Jacks: 30 seconds", "        *   Rest for 60-90 seconds between rounds.", "    *   **Part 2: Cardio Finisher**", "        *   15-20 minutes on the Rowing Machine or Assault Bike.", "", "#### **Day 7: Rest & Recharge**", "", "*   **Focus:** Complete rest. Your body needs this day to repair muscle tissue, replenish energy, and prepare for the week ahead.", "*   **Activity:** No gym. Light activity like a walk is fine, but avoid anything strenuous. Focus on good nutrition and hydration.", "", "Enjoy your fitness journey"], "timestamp": "2025-07-01T22:06:42.364629"}, "4": {"user_id": 1, "type": "Push", "exercises": ["Of course! Here is a 7-day beginner-friendly workout plan designed for lean weight gain (muscle growth).", "", "### **Important Notes Before You Begin:**", "", "*   **Goal Focus:** This plan is centered around resistance training to build muscle mass. Weight gain from muscle is healthier and more sustainable than gaining fat.", "*   **Nutrition is Key:** You cannot out-train a poor diet. To gain weight, you must be in a **caloric surplus**, meaning you eat more calories than your body burns. Focus on high-protein foods (chicken, fish, eggs, tofu, legumes) to fuel muscle repair and growth. Aim for 1.6-2.2 grams of protein per kilogram of your body weight daily.", "*   **Progressive Overload:** The secret to getting stronger is to gradually increase the demand on your muscles. Each week, try to either lift a slightly heavier weight or complete one more rep than you did the previous week.", "*   **Form Over Ego:** Always prioritize correct form. Lifting too heavy with poor form is a fast track to injury, not progress. If you're unsure about an exercise, watch a tutorial video first.", "*   **Warm-Up & Cool-Down:** Never skip these.", "    *   **Warm-Up (5-10 mins):** Start each workout with light cardio (jumping jacks, cycling) followed by dynamic stretches (arm circles, leg swings, torso twists).", "    *   **Cool-Down (5-10 mins):** End each workout with static stretching, holding each stretch for 20-30 seconds.", "", "---", "", "### **Your 7-Day Weight Gain Workout Plan**", "", "This plan includes 3 training days and 4 rest/active recovery days to ensure your muscles have ample time to repair and grow.", "", "**Day 1: Upper Body (Chest, Back, Shoulders & Arms)**", "", "| Muscle Group     | Exercise                    | Sets & Reps   | Rest      |", "| :--------------- | :-------------------------- | :------------ | :-------- |", "| Chest            | Dumbbell Bench Press        | 3 sets of 8-12 reps  | 60-90 sec |", "| Back             | Lat Pulldown Machine        | 3 sets of 8-12 reps  | 60-90 sec |", "| Shoulders        | Seated Dumbbell Shoulder Press | 3 sets of 10-12 reps | 60 sec    |", "| Back             | Seated Cable Row            | 3 sets of 10-12 reps | 60 sec    |", "| Biceps & Triceps | Dumbbell Bicep Curls        | 3 sets of 10-15 reps | 60 sec    |", "", "---", "", "**Day 2: Rest or Active Recovery**", "", "Your muscles grow when you rest. You can either take a full rest day or do some light activity like a 20-30 minute walk, stretching, or yoga.", "", "---", "", "**Day 3: Lower Body & Core**", "", "| Muscle Group        | Exercise                     | Sets & Reps   | Rest      |", "| :------------------ | :--------------------------- | :------------ | :-------- |", "| Quads & Glutes      | Goblet Squats                | 3 sets of 8-12 reps  | 60-90 sec |", "| Hamstrings & Glutes | Dumbbell Romanian Deadlifts (RDLs) | 3 sets of 10-12 reps | 60-90 sec |", "| Legs                | Walking Lunges (with or without dumbbells) | 3 sets of 10-12 reps per leg | 60 sec    |", "| Glutes              | Glute Bridges (with or without a dumbbell on hips) | 3 sets of 12-15 reps | 60 sec    |", "| Core                | Plank                        | 3 sets, hold for 30-60 seconds | 60 sec    |", "", "---", "", "**Day 4: Rest**", "", "Complete rest is crucial after a tough leg day. Focus on good nutrition and hydration.", "", "---", "", "**Day 5: Full Body**", "", "| Muscle Group | Exercise                 | Sets & Reps   | Rest      |", "| :----------- | :----------------------- | :------------ | :-------- |", "| Legs         | Leg Press Machine        | 3 sets of 10-12 reps | 60-90 sec |", "| Back         | One-Arm Dumbbell Row     | 3 sets of 8-12 reps per arm | 60 sec    |", "| Chest        | Push-ups (on knees if needed) | 3 sets to failure (as many as you can) | 60-90 sec |", "| Shoulders    | Dumbbell Lateral Raises  | 3 sets of 12-15 reps | 60 sec    |", "| Core         | Lying Leg Raises         | 3 sets of 15-20 reps | 60 sec    |", "", "---", "", "**Day 6: Active Recovery**", "", "A great day for a brisk walk, light cycling, or a longer stretching session. This helps reduce soreness and improve blood flow.", "", "---", "", "**Day 7: Rest**", "", "Your final rest day of the week. Eat well, sleep well, and get ready to start the cycle again on Day 1, aiming to be a little stronger than last week"], "timestamp": "2025-07-01T22:15:44.845480"}, "5": {"user_id": 1, "type": "Push", "exercises": ["Of course. Here is a comprehensive 7-day gym workout plan designed for a beginner female aiming for weight gain, which focuses on building lean muscle mass.", "", "### **Important Notes Before You Begin**", "", "*   **Goal of \"Weight Gain\":** For most people, this means gaining lean muscle, not just fat. This plan is designed for muscle hypertrophy (growth), which will lead to a healthy increase in weight and a more toned physique.", "*   **Nutrition is Key:** You cannot gain weight without consuming more calories than you burn (a \"caloric surplus\"). Focus on high-quality protein (chicken, fish, eggs, tofu, legumes), complex carbohydrates (oats, brown rice, sweet potatoes), and healthy fats (avocado, nuts, olive oil). Aim for a slight surplus of 250-400 calories per day.", "*   **Warm-Up (5-10 minutes):** Before every workout, perform 5 minutes of light cardio (treadmill, cycling) followed by dynamic stretches like leg swings, arm circles, and torso twists.", "*   **Cool-Down (5 minutes):** After every workout, perform static stretches, holding each stretch for 20-30 seconds. Focus on the muscles you just worked.", "*   **Progressive Overload:** The key to muscle growth is to challenge your muscles consistently. Each week, try to either increase the weight slightly, do one more rep, or improve your form.", "*   **Rest is Crucial:** Your muscles grow and repair on rest days. Do not skip them!", "", "---", "", "### **Your 7-Day Weight Gain Workout Plan**", "", "This plan is structured around three full-body workouts per week. This frequency is excellent for beginners to stimulate muscle growth effectively without over-training.", "", "#### **Day 1: Full Body Workout A**", "", "*   **Muscle Group:** Full Body", "*   **Focus:** Introduction to fundamental compound movements.", "", "1.  **Goblet Squats**", "    *   **Sets:** 3", "    *   **Reps:** 8-12", "    *   *Hold one dumbbell vertically against your chest. Keep your chest up and back straight as you squat down as if sitting in a chair.*", "", "2.  **Dumbbell Bench Press**", "    *   **Sets:** 3", "    *   **Reps:** 8-12", "    *   *Lie on a flat bench with a dumbbell in each hand. Push the dumbbells up until your arms are fully extended, then lower them slowly and with control.*", "", "3.  **Seated Cable Row**", "    *   **Sets:** 3", "    *   **Reps:** 10-15", "    *   *Sit at a cable row machine with your feet firmly planted. Pull the handle towards your lower abdomen, squeezing your back muscles together.*", "", "4.  **Glute Bridges**", "    *   **Sets:** 3", "    *   **Reps:** 12-15", "    *   *Lie on your back with your knees bent. Lift your hips toward the ceiling, squeezing your glutes at the top. You can place a dumbbell across your hips for added resistance.*", "", "5.  **Plank**", "    *   **Sets:** 3", "    *   **Reps:** Hold for 30-60 seconds", "", "#### **Day 2: Active Recovery**", "", "*   No weight training. Focus on light activity to help with muscle soreness and recovery.", "*   **Activities:** A 20-30 minute walk, light stretching, yoga, or foam rolling.", "", "#### **Day 3: Full Body Workout B**", "", "*   **Muscle Group:** Full Body", "*   **Focus:** Introducing new movement patterns (hinge and vertical press/pull).", "", "1.  **Dumbbell Romanian Deadlifts (RDLs)**", "    *   **Sets:** 3", "    *   **Reps:** 8-12", "    *   *Hold a dumbbell in each hand in front of your thighs. With a slight bend in your knees, hinge at your hips, keeping your back straight. Lower the dumbbells until you feel a stretch in your hamstrings, then return to the starting position.*", "", "2.  **Seated Dumbbell Overhead Press**", "    *   **Sets:** 3", "    *   **Reps:** 8-12", "    *   *Sit on a bench with back support. Hold dumbbells at shoulder height, palms facing forward. Press the weights straight overhead until your arms are extended.*", "", "3.  **Lat Pulldowns**", "    *   **Sets:** 3", "    *   **Reps:** 8-12", "    *   *Sit at the lat pulldown machine. Grab the bar with a wide, overhand grip. Pull the bar down to your upper chest, squeezing your shoulder blades together.*", "", "4.  **Walking Lunges**", "    *   **Sets:** 3", "    *   **Reps:** 10-12 per leg", "    *   *Step forward with one leg and lower your hips until both knees are bent at a 90-degree angle. Push off your front foot to stand up and repeat with the other leg. Start with just your bodyweight.*", "", "5.  **Lying Leg Raises**", "    *   **Sets:** 3", "    *   **Reps:** 12-15", "", "#### **Day 4: Rest**", "", "*   Complete rest. Your body needs this to repair and build muscle tissue. Make sure you are eating well and staying hydrated.", "", "#### **Day 5: Full Body Workout C**", "", "*   **Muscle Group:** Full Body", "*   **Focus:** Using machines for stability and bodyweight exercises.", "", "1.  **Leg Press**", "    *   **Sets:** 3", "    *   **Reps:** 10-15", "    *   *This machine is great for focusing on your quads and glutes without stressing your back. Ensure your full foot is on the platform and press in a slow, controlled motion.*", "", "2.  **Assisted Push-ups (on knees or incline)**", "    *   **Sets:** 3", "    *   **Reps:** 8-12 (or to your limit)", "    *   *Perform a push-up either on your knees or with your hands on an elevated surface (like a bench or bar in a squat rack) to make it easier.*", "", "3.  **Single-Arm Dumbbell Row**", "    *   **Sets:** 3", "    *   **Reps:** 8-12 per arm", "    *   *Place one knee and one hand on a flat bench. With a straight back, pull the dumbbell up towards your chest, focusing on using your back muscles.*", "", "4.  **Machine Hamstring Curls**", "    *   **Sets:** 3", "    *   **Reps:** 12-15", "    *   *This isolates your hamstrings. Focus on a slow and controlled movement, especially on the way down.*", "", "5.  **Bird-Dog**", "    *   **Sets:** 3", "    *   **Reps:** 10-12 per side", "    *   *From an all-fours position, extend your opposite arm and leg simultaneously while keeping your core tight and back flat.*", "", "#### **Day 6: Rest**", "", "*   Complete rest day. Use this time to meal prep for the upcoming week to ensure you're hitting your nutrition goals.", "", "#### **Day 7: Active Recovery / Rest**", "", "*   Your choice: take another full rest day or perform some light active recovery like walking or stretching, depending on how your body feels. Listen to your body"], "timestamp": "2025-07-01T22:17:30.910712"}}, "diets": {"1": {"user_id": 1, "meals": ["Of course! Here is a personalized 7-day Indian vegetarian diet plan for Prerak, designed for weight loss.", "", "### **Personalized Diet Plan for Prerak**", "", "This plan is tailored to your profile (19M, 77kg, 187cm, moderate activity) with a goal of healthy weight loss. It focuses on whole foods, adequate protein to maintain muscle, and fiber to keep you full.", "", "---", "", "### **Estimated Daily Nutritional Goals**", "", "*   **Calories:** 2200 - 2400 kcal", "*   **Protein:** 110 - 130 g", "*   **Carbohydrates:** 280 - 320 g", "*   **Fats:** 60 - 70 g", "", "---", "", "### **Important Guidelines Before You Start**", "", "1.  **Hydration is Key:** Drink 3-4 liters of water throughout the day. Start your day with 1-2 glasses of warm water.", "2.  **Cooking Oil:** Use healthy oils like mustard oil, ghee, or coconut oil in moderation (approx. 3-4 teaspoons per day).", "3.  **Portion Control:** A \"katori\" refers to a small standard Indian bowl (approx. 150ml). Roti size should be about 6 inches.", "4.  **Snack Smart:** Avoid packaged and fried snacks. Stick to the healthy options provided.", "5.  **Be Consistent:** Consistency is more important than perfection. If you have a less healthy meal, get back on track with the next one.", "6.  **Dinner Timing:** Try to have your dinner at least 2-3 hours before you go to sleep.", "", "---", "", "### **7-Day Vegetarian Weight Loss Diet Plan**", "", "#### **Day 1: Monday**", "", "*   **Early Morning (7:00 AM):** 1 glass of warm water with lemon.", "*   **Breakfast (8:30 AM):** 2 **Moong Dal Chillas** with green chutney + 1 bowl of curd.", "*   **Mid-Morning Snack (11:30 AM):** 1 Apple + 5-6 almonds.", "*   **Lunch (1:30 PM):** 2 Multigrain Rotis + 1 katori **Dal Tadka** + 1 katori **Bhindi Sabzi** + 1 bowl of salad (cucumber, tomato, onion).", "*   **Evening Snack (4:30 PM):** 1 cup of Green Tea + 1 bowl of roasted **Makhana** (fox nuts).", "*   **Dinner (7:30 PM):** 150g **Paneer Tikka** (grilled or pan-fried with minimal oil) with saut\u00e9ed bell peppers and onions.", "", "#### **Day 2: Tuesday**", "", "*   **Early Morning (7:00 AM):** 1 glass of Jeera (cumin) water.", "*   **Breakfast (8:30 AM):** 1 large bowl of **Vegetable Poha** with peanuts + 1 glass of buttermilk (chaas).", "*   **Mid-Morning Snack (11:30 AM):** 1 bowl of Papaya.", "*   **Lunch (1:30 PM):** 1 large bowl of **Brown Rice** + 1 katori **Rajma Curry** + 1 katori bottle gourd (lauki) sabzi + 1 bowl of salad.", "*   **Evening Snack (4:30 PM):** 1 bowl of low-fat Yogurt.", "*   **Dinner (7:30 PM):** 1 large bowl of **Quinoa Upma** cooked with plenty of vegetables (carrots, peas, beans).", "", "#### **Day 3: Wednesday**", "", "*   **Early Morning (7:00 AM):** 1 glass of warm water with lemon.", "*   **Breakfast (8:30 AM):** 1 bowl of **Oats Upma** + 1 glass of milk (low-fat).", "*   **Mid-Morning Snack (11:30 AM):** 1 Banana.", "*   **Lunch (1:30 PM):** 2 Multigrain Rotis + 1 katori **Chana Masala** + 1 katori mixed vegetable sabzi + 1 bowl of cucumber raita.", "*   **Evening Snack (4:30 PM):** 1 handful of roasted **Chana** (chickpeas).", "*   **Dinner (7:30 PM):** 1 bowl of **Tofu Bhurji** (scrambled tofu) + 1-2 Rotis.", "", "#### **Day 4: Thursday**", "", "*   **Early Morning (7:00 AM):** 1 glass of warm water.", "*   **Breakfast (8:30 AM):** 3 **Idlis** with 1 large bowl of **Sambar**.", "*   **Mid-Morning Snack (11:30 AM):** 1 Pear or Guava.", "*   **Lunch (1:30 PM):** 1 bowl of **Lemon Rice** + 1 bowl of Sambar + 1 katori Cabbage Poriyal (stir-fry).", "*   **Evening Snack (4:30 PM):** 1 glass of Buttermilk (Chaas).", "*   **Dinner (7:30 PM):** 1 large bowl of mixed **Vegetable Clear Soup** + a side of **Mixed Sprouts Salad**.", "", "#### **Day 5: Friday**", "", "*   **Early Morning (7:00 AM):** 1 glass of Jeera water.", "*   **Breakfast (8:30 AM):** 1 **Paneer Stuffed Paratha** (use minimal oil) + 1 bowl of curd.", "*   **Mid-Morning Snack (11:30 AM):** 1 Orange + 5-6 walnuts.", "*   **Lunch (1:30 PM):** 2 Rotis + 1 katori **Palak Paneer** + 1 katori mixed dal + 1 bowl of salad.", "*   **Evening Snack (4:30 PM):** 1 cup of Green Tea + 1 handful of peanuts.", "*   **Dinner (7:30 PM):** 1 large bowl of **Vegetable Khichdi** (made with dal and brown rice/millets) + 1 tablespoon of ghee + a side of yogurt.", "", "#### **Day 6: Saturday**", "", "*   **Early Morning (7:00 AM):** 1 glass of warm water with lemon.", "*   **Breakfast (8:30 AM):** 2 **Dosas** (plain or with minimal potato filling) + 1 bowl of Sambar and coconut chutney.", "*   **Mid-Morning Snack (11:30 AM):** 1 bowl of mixed **Fruit Chaat**.", "*   **Lunch (1:30 PM):** 1 bowl of **Vegetable Pulao** + 1 katori **Soya Chunks Curry** + 1 bowl of Boondi Raita.", "*   **Evening Snack (4:30 PM):** 1 glass of Lassi (use jaggery or honey instead of sugar).", "*   **Dinner (7:30 PM):** 1 bowl of **Kadai Paneer** with lots of bell peppers and onions + 1 Roti.", "", "#### **Day 7: Sunday**", "", "*   **Early Morning (7:00 AM):** 1 glass of warm water.", "*   **Breakfast (8:30 AM):** **Tofu Scramble** with onions, tomatoes, and spices + 2 slices of whole-wheat toast.", "*   **Mid-Morning Snack (11:30 AM):** A handful of pumpkin seeds.", "*   **Lunch (1:30 PM):** 2 Rotis + 1 katori **Kala Chana Curry** + 1 katori **Baingan Bharta** (roasted eggplant mash) + 1 bowl of salad.", "*   **Evening Snack (4:30 PM):** 1 bowl of watermelon or muskmelon.", "*   **Dinner (7:30 PM):** 1 bowl of **Lentil Soup** (like Masoor Dal soup) + a side of stir-fried vegetables (broccoli, carrots, beans).", "", "---", "", "**Disclaimer:** This is a generalized diet plan based on the information provided. Individual results may vary. It's always a good idea to consult with a registered dietitian or doctor before starting any new diet plan, especially if you have underlying health conditions. Good luck on your fitness journey, Prerak"], "timestamp": "2025-07-01T22:11:45.631623"}, "2": {"user_id": 1, "meals": ["Of course! Here is a personalized 7-day vegetarian Indian diet plan for Shanti, designed for healthy weight gain.", "", "### **Personalized Plan for Shanti**", "", "This plan is tailored to your profile (35 F, 56 kg, 159 cm, moderate activity) with the goal of steady and healthy weight gain. The focus is on increasing calorie and protein intake through nutrient-dense foods.", "", "**Estimated Daily Targets:**", "*   **Calories:** ~2200 - 2400 kcal", "*   **Protein:** ~90 - 105 g", "*   **Carbohydrates:** ~280 - 320 g", "*   **Fats:** ~75 - 85 g", "", "---", "", "### **Key Principles for Your Goal**", "", "*   **Calorie Surplus:** To gain weight, you need to consume more calories than you burn. This plan is designed with a moderate surplus.", "*   **Nutrient Density:** Focus on foods that are rich in nutrients, not just empty calories. We will use nuts, seeds, paneer, ghee, and full-fat dairy.", "*   **Meal Frequency:** Eating 3 meals and 2 snacks helps you get enough calories without feeling overly full at any single meal.", "*   **Protein Power:** Protein is essential for building muscle mass, which is key to healthy weight gain.", "*   **Healthy Fats:** Ghee, nuts, and seeds are excellent sources of healthy fats and calories. Don't be afraid to add a little extra ghee to your dal and rotis.", "*   **Hydration:** Drink at least 2-3 litres of water daily, but try to drink it between meals, not during, to avoid feeling full too quickly.", "", "---", "", "### **7-Day Indian Vegetarian Diet Plan for Weight Gain**", "", "#### **Day 1: Monday**", "", "*   **Breakfast (8:00 AM):** Paneer Bhurji (made from 100g paneer) with 2 whole wheat rotis topped with ghee + 1 bowl of full-fat curd (dahi).", "*   **Mid-Morning Snack (11:00 AM):** 1 medium apple + a handful of almonds (approx. 10-12).", "*   **Lunch (1:30 PM):** 1 large bowl of Mixed Dal (like Dal Makhani or Panchratna Dal) + 1.5 cups of brown rice + 1 bowl of seasonal vegetable sabzi (e.g., Bhindi Masala) + a side of cucumber and carrot salad.", "*   **Evening Snack (5:00 PM):** 1 bowl of boiled sprouts chaat (moong/chana) with chopped onions, tomatoes, and lemon juice.", "*   **Dinner (8:00 PM):** 1 bowl of Cauliflower and Potato (Aloo Gobi) sabzi + 2 multigrain rotis with ghee + 1 small bowl of dal.", "", "#### **Day 2: Tuesday**", "", "*   **Breakfast (8:00 AM):** 2 Moong Dal Chillas stuffed with grated paneer, served with mint chutney and 1 glass of full-fat milk.", "*   **Mid-Morning Snack (11:00 AM):** Banana and Peanut Butter Smoothie (1 banana + 1 glass milk + 1 tbsp peanut butter + 1 tsp chia seeds).", "*   **Lunch (1:30 PM):** 1 large bowl of Rajma (kidney bean curry) + 1.5 cups of steamed rice + 1 bowl of Lauki (bottle gourd) Raita.", "*   **Evening Snack (5:00 PM):** 1 medium sweet potato, boiled and chaat masala sprinkled on top.", "*   **Dinner (8:00 PM):** 100g pan-fried Tofu with sauteed vegetables (bell peppers, broccoli, carrots) + 2 jowar (sorghum) rotis with ghee.", "", "#### **Day 3: Wednesday**", "", "*   **Breakfast (8:00 AM):** 1 large bowl of Oats Porridge made with full-fat milk, topped with sliced banana, walnuts, and a drizzle of honey.", "*   **Mid-Morning Snack (11:00 AM):** 1 bowl of mixed fruit (pomegranate, orange, papaya).", "*   **Lunch (1:30 PM):** 1 large bowl of Chana Masala (chickpea curry) + 2 medium-sized Aloo Parathas made with ghee + 1 bowl of plain curd.", "*   **Evening Snack (5:00 PM):** A handful of roasted peanuts and makhana (fox nuts).", "*   **Dinner (8:00 PM):** 1 bowl of Palak Paneer (spinach and cottage cheese curry) + 2 whole wheat rotis with ghee.", "", "#### **Day 4: Thursday**", "", "*   **Breakfast (8:00 AM):** 3-4 medium-sized Idlis with a large bowl of Sambar (make it thick with lots of dal and vegetables) and 2 tbsp of coconut chutney.", "*   **Mid-Morning Snack (11:00 AM):** 1 glass of Mango Lassi (or any seasonal fruit lassi) made with full-fat yogurt.", "*   **Lunch (1:30 PM):** 1 large bowl of Vegetable Pulao (with peas, carrots, beans, and paneer cubes) + 1 bowl of Boondi Raita + a side of papad.", "*   **Evening Snack (5:00 PM):** 5-6 Paneer Tikka cubes, grilled or pan-fried.", "*   **Dinner (8:00 PM):** 1 bowl of Methi Aloo sabzi + 1 bowl of Urad Dal + 2 bajra (pearl millet) rotis with ghee.", "", "#### **Day 5: Friday**", "", "*   **Breakfast (8:00 AM):** 2 Gobi (cauliflower) Parathas with a generous dollop of white butter (makhan) or ghee + a bowl of curd.", "*   **Mid-Morning Snack (11:00 AM):** A handful of mixed seeds (pumpkin, sunflower) and dried figs (2-3).", "*   **Lunch (1:30 PM):** Kadhi Pakora (gram flour and yogurt curry with fritters) + 1.5 cups of steamed rice.", "*   **Evening Snack (5:00 PM):** 1 small bowl of Sago (Sabudana) Khichdi with peanuts.", "*   **Dinner (8:00 PM):** 1 bowl of Baingan Bharta (roasted eggplant mash) + 2 multigrain rotis with ghee + a side of onion salad.", "", "#### **Day 6: Saturday**", "", "*   **Breakfast (8:00 AM):** 1 large bowl of Vegetable Upma, cooked with extra vegetables and garnished with cashews and peanuts.", "*   **Mid-Morning Snack (11:00 AM):** 1 glass of buttermilk (chaas) + 1 pear.", "*   **Lunch (1:30 PM):** A wholesome \"Thali\" meal: 1 bowl dal, 1 bowl matar paneer, 1 bowl raita, 1.5 cups rice, 2 rotis with ghee, and salad.", "*   **Evening Snack (5:00 PM):** Fruit chaat with a sprinkle of chaat masala.", "*   **Dinner (8:00 PM):** 1 large bowl of Mixed Vegetable Khichdi (rice and lentils cooked with vegetables) served with 1 tbsp of ghee and a side of plain yogurt.", "", "#### **Day 7: Sunday**", "", "*   **Breakfast (8:00 AM):** 2 medium Masala Dosas with potato filling, served with a bowl of Sambar and chutney.", "*   **Mid-Morning Snack (11:00 AM):** A handful of walnuts and 2 dates.", "*   **Lunch (1:30 PM):** Malai Kofta (potato and paneer balls in a creamy curry) + 2 Garlic Naans (or tandoori rotis).", "*   **Evening Snack (5:00 PM):** 1 glass of cold coffee made with full-fat milk.", "*   **Dinner (8:00 PM):** Simple meal of Dal Tadka + 1 bowl of seasonal green sabzi (like beans or tori) + 2 whole wheat rotis with ghee.", "", "---", "", "### **Important Recommendations**", "", "*   **Strength Training:** To ensure the weight you gain is primarily muscle, pair this diet with a moderate strength training routine 3-4 times a week. Focus on compound exercises.", "*   **Bedtime Option:** Having a warm glass of turmeric milk (haldi doodh) with a pinch of black pepper and a few crushed almonds before bed can add extra calories and protein, and aid in recovery.", "*   **Listen to Your Body:** These are general portion sizes. If you feel hungry, add an extra roti or a larger serving of vegetables. If you feel too full, you can slightly reduce the portion for that meal and make up for it in the next snack or meal.", "", "Enjoy your journey to a stronger, healthier you, Shanti!", "", "***Disclaimer:*** *This is a general dietary guideline. It's always best to consult with a registered dietitian or a doctor for advice tailored specifically to your individual health needs and conditions.*"], "timestamp": "2025-07-01T22:16:36.823492"}}}